step,steer,drift,pos_x,pos_y,pos_z,vel_x,vel_y,vel_z,omega_x,omega_y,omega_z,q_w,q_x,q_y,q_z,drift_input,slip,trigger,trigger_timer,linger_timer
0,0,0,0,-0.0999349952,0,0,-19.9869995,0,0,0,0,1,0,0,0,0,0,0,0,0
1,0,0,0,-0.199805066,0,0,-19.9740143,0,0,0,0,1,0,0,0,0,0,0,0,0
2,0,0,0,-0.299610287,0,0,-19.9610443,0,0,0,0,1,0,0,0,0,0,0,0,0
3,0,0,0,-0.399350733,0,0,-19.9480896,0,0,0,0,1,0,0,0,0,0,0,0,0
4,0,0,0,-0.499026477,0,0,-19.9351501,0,0,0,0,1,0,0,0,0,0,0,0,0
5,0,0,0,-0.598637581,0,0,-19.922224,0,0,0,0,1,0,0,0,0,0,0,0,0
6,0,0,0,-0.698184133,0,0,-19.9093132,0,0,0,0,1,0,0,0,0,0,0,0,0
7,0,0,0,-0.797666192,0,0,-19.8964176,0,0,0,0,1,0,0,0,0,0,0,0,0
8,0,0,0,-0.897083879,0,0,-19.8835373,0,0,0,0,1,0,0,0,0,0,0,0,0
9,0,0,0,-0.996437252,0,0,-19.8706703,0,0,0,0,1,0,0,0,0,0,0,0,0
10,0,0,0,-1.09572637,0,0,-19.8578186,0,0,0,0,1,0,0,0,0,0,0,0,0
11,0,0,0,-1.1949513,0,0,-19.8449821,0,0,0,0,1,0,0,0,0,0,0,0,0
12,0,0,0,-1.29411209,0,0,-19.832159,0,0,0,0,1,0,0,0,0,0,0,0,0
13,0,0,0,-1.39320886,0,0,-19.8193512,0,0,0,0,1,0,0,0,0,0,0,0,0
14,0,0,0,-1.49224162,0,0,-19.8065586,0,0,0,0,1,0,0,0,0,0,0,0,0
15,0,0,0,-1.59121048,0,0,-19.7937794,0,0,0,0,1,0,0,0,0,0,0,0,0
16,0,0,0,-1.69011557,0,0,-19.7810154,0,0,0,0,1,0,0,0,0,0,0,0,0
17,0,0,0,-1.78895688,0,0,-19.7682667,0,0,0,0,1,0,0,0,0,0,0,0,0
18,0,0,0,-1.88773453,0,0,-19.7555313,0,0,0,0,1,0,0,0,0,0,0,0,0
19,0,0,0,-1.98644853,0,0,-19.7428112,0,0,0,0,1,0,0,0,0,0,0,0,0
20,0,0,0,-2.08509898,0,0,-19.7301044,0,0,0,0,1,0,0,0,0,0,0,0,0
21,0,0,0,-2.18368602,0,0,-19.7174129,0,0,0,0,1,0,0,0,0,0,0,0,0
22,0,0,0,-2.28220963,0,0,-19.7047367,0,0,0,0,1,0,0,0,0,0,0,0,0
23,0,0,0,-2.38067007,0,0,-19.6920738,0,0,0,0,1,0,0,0,0,0,0,0,0
24,0,0,0,-2.47906709,0,0,-19.6794262,0,0,0,0,1,0,0,0,0,0,0,0,0
25,0,0,0,-2.57740116,0,0,-19.6667919,0,0,0,0,1,0,0,0,0,0,0,0,0
26,0,0,0,-2.67567205,0,0,-19.6541729,0,0,0,0,1,0,0,0,0,0,0,0,0
27,0,0,0,-2.77388,0,0,-19.6415672,0,0,0,0,1,0,0,0,0,0,0,0,0
28,0,0,0,-2.87202477,0,0,-19.6289768,0,0,0,0,1,0,0,0,0,0,0,0,0
29,0,0,0,-2.97010684,0,0,-19.6163998,0,0,0,0,1,0,0,0,0,0,0,0,0
30,0,0,0,-3.06812596,0,0,-19.603838,0,0,0,0,1,0,0,0,0,0,0,0,0
31,0,0,0,-3.16608238,0,0,-19.5912895,0,0,0,0,1,0,0,0,0,0,0,0,0
32,0,0,0,-3.2639761,0,0,-19.5787544,0,0,0,0,1,0,0,0,0,0,0,0,0
33,0,0,0,-3.36180735,0,0,-19.5662346,0,0,0,0,1,0,0,0,0,0,0,0,0
34,0,0,0,-3.45957589,0,0,-19.5537281,0,0,0,0,1,0,0,0,0,0,0,0,0
35,0,0,0,-3.55728197,0,0,-19.5412369,0,0,0,0,1,0,0,0,0,0,0,0,0
36,0,0,0,-3.65492582,0,0,-19.528759,0,0,0,0,1,0,0,0,0,0,0,0,0
37,0,0,0,-3.75250721,0,0,-19.5162945,0,0,0,0,1,0,0,0,0,0,0,0,0
38,0,0,0,-3.85002637,0,0,-19.5038452,0,0,0,0,1,0,0,0,0,0,0,0,0
39,0,0,0,-3.9474833,0,0,-19.4914093,0,0,0,0,1,0,0,0,0,0,0,0,0
40,1,1,-1.06901425e-05,-4.04487801,0,-0.00213802862,-19.4789886,0,0,0,0.0128281713,1,0,0,3.20704276e-05,1,0,1,0.100000001,0.200000003
41,1,1,-3.20636173e-05,-4.14221096,0,-0.00427469518,-19.4665813,0,0,0,0.0256332513,1,0,0,9.61535552e-05,1,0,1,0.0949999988,0.200000003
42,1,1,-6.41136285e-05,-4.23948193,0,-0.00641000178,-19.4541874,0,0,0,0.038415283,1,0,0,0.000192191757,1,0,1,0.0899999961,0.200000003
43,1,1,-0.00010683338,-4.3366909,0,-0.00854395144,-19.4418087,0,0,0,0.0511743054,1,0,0,0.000320127525,1,0,1,0.0849999934,0.200000003
44,1,1,-0.000160216106,-4.43383789,0,-0.0106765451,-19.4294434,0,0,0,0.0639103651,0.999999881,0,0,0.00047990345,1,0,1,0.0799999908,0.200000003
45,1,1,-0.000224255025,-4.53092337,0,-0.0128077846,-19.4170933,0,0,0,0.0766234994,0.999999762,0,0,0.000671462156,1,0,1,0.0749999881,0.200000003
46,1,1,-0.000298943371,-4.62794733,0,-0.0149376728,-19.4047585,0,0,0,0.0893137455,0.999999583,0,0,0.000894746452,1,0,1,0.0699999854,0.200000003
47,1,1,-0.000384274404,-4.72490931,0,-0.0170662105,-19.3924389,0,0,0,0.101981148,0.999999344,0,0,0.00114969932,1,0,1,0.0649999827,0.200000003
48,1,1,-0.000480241404,-4.82180977,0,-0.0191933997,-19.3801327,0,0,0,0.114625752,0.999998987,0,0,0.00143626356,1,0,1,0.0599999838,0.200000003
49,1,1,-0.000586837588,-4.9186492,0,-0.0213192403,-19.3678417,0,0,0,0.127247602,0.99999851,0,0,0.00175438216,1,0,1,0.0549999848,0.200000003
50,1,1,-0.000704056234,-5.01542711,0,-0.0234437343,-19.355566,0,0,0,0.139846727,0.999997854,0,0,0.00210399856,1,0,1,0.0499999858,0.200000003
51,1,1,-0.000831890618,-5.11214352,0,-0.0255668834,-19.3433056,0,0,0,0.152423173,0.99999702,0,0,0.00248505594,1,0,1,0.0449999869,0.200000003
52,1,1,-0.000970334047,-5.20879889,0,-0.0276886858,-19.3310604,0,0,0,0.164976984,0.999995887,0,0,0.0028974968,1,0,1,0.0399999879,0.200000003
53,1,1,-0.00111937977,-5.30539322,0,-0.0298091434,-19.3188305,0,0,0,0.17750819,0.999994457,0,0,0.00334126595,1,0,1,0.034999989,0.200000003
54,1,1,-0.00127902103,-5.40192652,0,-0.0319282562,-19.3066158,0,0,0,0.190016851,0.999992788,0,0,0.00381630543,1,0,1,0.02999999,0.200000003
55,1,1,-0.0014492512,-5.49839878,0,-0.0340460241,-19.2944183,0,0,0,0.202502996,0.999990821,0,0,0.00432255957,1,0,1,0.0249999911,0.200000003
56,1,1,-0.0016300634,-5.59481001,0,-0.0361624435,-19.2822361,0,0,0,0.214966655,0.999988317,0,0,0.00485997135,1,0,1,0.0199999921,0.200000003
57,1,1,-0.00182145101,-5.6911602,0,-0.0382775143,-19.2700691,0,0,0,0.227407888,0.999985456,0,0,0.00542848371,1,0,1,0.0149999922,0.200000003
58,1,1,-0.00202340726,-5.78744984,0,-0.0403912365,-19.2579193,0,0,0,0.239826724,0.999981999,0,0,0.00602804171,1,0,1,0.00999999233,0.200000003
59,1,1,-0.00223592529,-5.88367891,0,-0.0425036028,-19.2457848,0,0,0,0.252223194,0.999978006,0,0,0.0066585876,1,0,1,0.00499999244,0.200000003
60,1,1,-0.00245899847,-5.97984743,0,-0.0446146168,-19.2336655,0,0,0,0.264597356,0.999973416,0,0,0.00732006598,1,0,0,0,0.200000003
61,1,1,-0.0026308659,-6.07595444,0,-0.0343734659,-19.2213821,0,0,-0.00857984554,0.311389208,0.999967456,1.57012579e-07,-2.14490374e-05,0.00809851848,1,0,0,0,0.195000008
62,1,1,-0.00275105867,-6.17199993,2.21243979e-09,-0.0240385495,-19.209095,4.42487959e-07,3.6494973e-16,-0.017228663,0.357378542,0.999960005,4.86665499e-07,-6.45194159e-05,0.00899193343,1,0,0,0,0.190000013
63,1,1,-0.00281899865,-6.26798391,1.11576099e-08,-0.0135880094,-19.1968021,1.78903394e-06,-1.0302449e-14,-0.0259647965,0.402578175,0.999950528,1.00541422e-06,-0.000129429245,0.0099983355,1,0,0,0,0.185000017
64,1,1,-0.00283400132,-6.36390638,3.37924817e-08,-0.0030005239,-19.1844978,4.52697441e-06,-3.8572227e-14,-0.0348061323,0.447000712,0.999938786,1.73078456e-06,-0.000216441302,0.0111157773,1,0,0,0,0.180000022
65,1,1,-0.00279527786,-6.45976734,7.96724891e-08,0.00774470158,-19.1721802,9.17600119e-06,-1.0074101e-13,-0.0437701158,0.490658551,0.999924541,2.6816333e-06,-0.000325861853,0.0123423412,1,0,0,0,0.175000027
66,1,1,-0.00270193815,-6.55556679,1.61145934e-07,0.0186679475,-19.1598454,1.6294689e-05,-1.29523332e-13,-0.0528737456,0.533563912,0.999907255,3.87842556e-06,-0.000458039518,0.0136761414,1,0,0,0,0.170000032
67,1,1,-0.00255299336,-6.65130424,2.93580797e-07,0.0297889691,-19.1474895,2.64869705e-05,-1.33370189e-13,-0.0621335991,0.575728834,0.999886632,5.34352557e-06,-0.000613364216,0.0151153188,1,0,0,0,0.165000036
68,1,1,-0.00234735827,-6.74697971,4.95623794e-07,0.0411270149,-19.1351089,4.04086022e-05,-2.08296244e-14,-0.0715658143,0.617165208,0.999862134,7.10150016e-06,-0.00079226587,0.0166580379,1,0,0,0,0.160000041
69,1,1,-0.00208385405,-6.84259319,7.89491878e-07,0.052700825,-19.1226978,5.87736249e-05,-1.75353465e-13,-0.0811861306,0.657884598,0.999833405,9.17944453e-06,-0.000995213748,0.0183024984,1,0,0,0,0.155000046
70,1,1,-0.00176121085,-6.93814468,1.20129607e-06,0.0645286292,-19.1102524,8.23608425e-05,-1.15655397e-13,-0.0910098553,0.697898567,0.999799848,1.16073006e-05,-0.00122271478,0.0200469214,1,0,0,0,0.150000051
71,1,1,-0.0013780701,-7.03363371,1.7613977e-06,0.0766281635,-19.0977688,0.000112020338,2.1573116e-14,-0.101051904,0.73721832,0.999761045,1.44182068e-05,-0.0014753131,0.0218895599,1,0,0,0,0.145000055
72,1,1,-0.000932986848,-7.12905979,2.50479798e-06,0.0890166536,-19.0852413,0.000148680032,2.45862358e-13,-0.111326799,0.775855005,0.999716461,1.76488411e-05,-0.00175358867,0.023828689,1,0,0,0,0.14000006
73,1,1,-0.000424432743,-7.22442293,3.47155947e-06,0.101710826,-19.0726643,0.000193352287,3.3346584e-13,-0.12184865,0.813819587,0.999665499,2.13397725e-05,-0.00205815607,0.0258626081,1,0,0,0,0.135000065
74,1,1,0.000149201835,-7.31972313,4.70726263e-06,0.114726923,-19.0600319,0.000247140619,3.94632352e-13,-0.132631212,0.851122737,0.999607682,2.55358318e-05,-0.00238966383,0.027989639,1,0,0,0,0.13000007
75,1,1,0.000789605139,-7.41495991,6.26349447e-06,0.128080666,-19.0473385,0.000311246375,8.50997061e-14,-0.143687829,0.887775123,0.999542356,3.02864792e-05,-0.00274879322,0.0302081313,1,0,0,0,0.125000075
76,1,1,0.00149854168,-7.51013279,8.1983726e-06,0.141787305,-19.0345764,0.000386975677,-1.22893666e-13,-0.155031487,0.923787117,0.999469042,3.56461678e-05,-0.00313625671,0.0325164497,1,0,0,0,0.120000072
77,1,1,0.00227784947,-7.6052413,1.05771032e-05,0.155861557,-19.02174,0.00047574623,4.41903838e-13,-0.166674793,0.959168971,0.999387026,4.16747353e-05,-0.00355279795,0.0349129885,1,0,0,0,0.115000069
78,1,1,0.0031294378,-7.70028543,1.34725751e-05,0.17031768,-19.0088234,0.000579094398,-2.63217399e-13,-0.178630009,0.993930757,0.999295712,4.84377742e-05,-0.00399919087,0.037396159,1,0,0,0,0.110000066
79,1,1,0.0040552849,-7.79526472,1.6965987e-05,0.185169399,-18.9958172,0.00069868227,2.49561602e-13,-0.190909013,1.02808237,0.999194443,5.60070148e-05,-0.00447623711,0.039964404,1,0,0,0,0.105000064
80,1,1,0.00505743455,-7.8901782,2.11475108e-05,0.200429946,-18.9827137,0.000836304855,3.34519738e-13,-0.203523353,1.06163359,0.999082744,6.44607208e-05,-0.00498476764,0.0426161774,1,0,0,0,0.100000061
81,1,1,0.00613799505,-7.98502588,2.61169971e-05,0.216112062,-18.9695053,0.000993897323,7.42109282e-13,-0.216484219,1.09459388,0.99895978,7.3884039e-05,-0.00552563882,0.0453499593,1,0,0,0,0.0950000584
82,1,1,0.00729913497,-8.07980728,3.19847095e-05,0.232227966,-18.9561844,0.00117354235,1.01023118e-12,-0.229802459,1.12697279,0.998824954,8.43694434e-05,-0.00609973259,0.048164241,1,0,0,0,0.0900000557
83,1,1,0.00854308158,-8.17452145,3.88720946e-05,0.24878937,-18.9427414,0.00137747743,5.18121787e-13,-0.24348858,1.1587795,0.998677552,9.6017051e-05,-0.00670795515,0.051057525,1,0,0,0,0.085000053
84,1,1,0.00987211894,-8.26916695,4.69126062e-05,0.26580748,-18.9291687,0.00160810258,6.70366106e-13,-0.257552743,1.19002318,0.998516977,0.000108935063,-0.00735124014,0.0540283583,1,0,0,0,0.0800000504
85,1,1,0.0112885833,-8.36374378,5.62525456e-05,0.283292949,-18.9154549,0.00186798768,-2.76542352e-13,-0.272004813,1.22071266,0.998342454,0.000123240025,-0.00803053938,0.057075277,1,0,0,0,0.0750000477
86,1,1,0.0127948634,-8.45825195,6.70519439e-05,0.301255971,-18.9015903,0.00215988024,1.0834596e-12,-0.286854267,1.25085688,0.998153329,0.000139057433,-0.00874682888,0.0601968579,1,0,0,0,0.070000045
87,1,1,0.0143933939,-8.55268955,7.94855077e-05,0.319706142,-18.8875656,0.00248671276,9.34879344e-14,-0.302110344,1.28046429,0.997948885,0.000156521841,-0.00950110704,0.063391678,1,0,0,0,0.0650000423
88,1,1,0.0160866566,-8.64705658,9.37435616e-05,0.338652581,-18.8733711,0.00285161077,-1.72855409e-13,-0.317781895,1.30954349,0.997728467,0.000175777415,-0.010294389,0.0666583404,1,0,0,0,0.0600000434
89,1,1,0.0178771764,-8.74135113,0.000110033063,0.358103842,-18.8589935,0.00325790048,5.40253497e-13,-0.333877504,1.33810282,0.997491181,0.000196978232,-0.0111277113,0.0699954554,1,0,0,0,0.0550000444
90,1,1,0.0197675154,-8.8355732,0.000128578642,0.37806794,-18.8444233,0.00370911625,5.40440089e-13,-0.350405425,1.3661505,0.997236431,0.000220288581,-0.0120021291,0.0734016597,1,0,0,0,0.0500000454
91,1,1,0.0217602775,-8.92972183,0.00014962368,0.398552358,-18.8296509,0.00420900853,5.4065205e-14,-0.367373586,1.3936944,0.996963441,0.000245883391,-0.0129187126,0.0768755898,1,0,0,0,0.0450000465
92,1,1,0.0238580965,-9.02379513,0.000173431443,0.419564009,-18.814661,0.00476155151,2.46214399e-12,-0.384789646,1.42074251,0.996671498,0.000273948535,-0.0138785494,0.0804159045,1,0,0,0,0.0400000475
93,1,1,0.0260636434,-9.11779213,0.000200286187,0.44110927,-18.7994442,0.00537095033,2.98698371e-12,-0.402660966,1.44730258,0.996359825,0.000304681249,-0.0148827452,0.0840212852,1,0,0,0,0.0350000486
94,1,1,0.0283796135,-9.21171188,0.000230494436,0.463193893,-18.783987,0.00604164973,5.49860244e-12,-0.42099458,1.47338223,0.996027648,0.000338290178,-0.015932411,0.0876903981,1,0,0,0,0.0300000496
95,1,1,0.0308087301,-9.30555344,0.000264386123,0.485823154,-18.7682781,0.00677834079,7.74695412e-12,-0.439797223,1.49898887,0.995674253,0.000374996162,-0.0170286801,0.0914219469,1,0,0,0,0.0250000507
96,1,1,0.0333537385,-9.39931488,0.000302315952,0.509001672,-18.7523041,0.00758596836,9.05550808e-12,-0.459075391,1.52412987,0.995298743,0.000415032177,-0.0181726944,0.0952146351,1,0,0,0,0.0200000517
97,1,1,0.0360174067,-9.49299526,0.000344664644,0.5327335,-18.7360516,0.008469739,1.10306885e-11,-0.478835285,1.54881239,0.994900465,0.000458643684,-0.0193656106,0.0990671888,1,0,0,0,0.0150000518
98,1,1,0.0388025157,-9.58659267,0.000391840294,0.557022095,-18.7195091,0.00943512842,1.24209558e-11,-0.499082774,1.57304335,0.994478464,0.000506088953,-0.0206085891,0.102978334,1,0,0,0,0.0100000519
99,1,1,0.0417118669,-9.68010616,0.000444279722,0.581870317,-18.7026615,0.0104878861,1.28747343e-11,-0.519823492,1.59682977,0.994032204,0.00055763952,-0.0219028052,0.106946796,1,0,0,0,0.00500005204
100,1,0,0.0447283238,-9.77353764,0.000501557894,0.603291571,-18.6863632,0.0114556309,1.61649912e-11,-0.53763032,1.59566092,0.993567348,0.000614005083,-0.0232408792,0.110910416,0,0,0,0,5.21540642e-08
101,1,0,0.0478548035,-9.86688614,0.000564119488,0.625295758,-18.6697655,0.0125123225,1.87968877e-11,-0.555954397,1.59449148,0.993084133,0.000675508578,-0.0246240553,0.11486914,0,0,0,0,0
102,1,0,0.0515534468,-9.96004295,0.000655608135,0.739728689,-18.6313114,0.0182977244,1.88569195e-11,-0.56912303,1.60012031,0.992580771,0.000740435324,-0.0260394979,0.118839778,0,0,0,0,0
103,1,0,0.0558268577,-10.0530014,0.000777883339,0.854681849,-18.5917797,0.0244550407,1.51593599e-11,-0.582370162,1.60506439,0.992057085,0.000808962039,-0.0274873395,0.122820467,0,0,0,0,0
104,1,0,0.0606774949,-10.1457577,0.000932860537,0.970127225,-18.5511608,0.0309954453,1.11749082e-11,-0.595693767,1.60937428,0.991512954,0.000881268759,-0.0289677344,0.126809567,0,0,0,0,0
105,1,0,0.0661076754,-10.2383051,0.00112251088,1.08603549,-18.5094471,0.0379300714,1.28514786e-11,-0.609091699,1.61309659,0.99094826,0.000957537268,-0.0304808132,0.130805537,0,0,0,0,0
106,1,0,0.0721195564,-10.3306379,0.00134886079,1.20237601,-18.4666309,0.0452699848,1.30222534e-11,-0.622561693,1.6162746,0.990363121,0.00103795051,-0.0320267007,0.134806901,0,0,0,0,0
107,1,0,0.0787151381,-10.4227514,0.0016139918,1.31911707,-18.4227047,0.0530261919,1.1084916e-11,-0.636101305,1.6189481,0.989757299,0.00112269318,-0.0336055122,0.138812304,0,0,0,0,0
108,1,0,0.0858962685,-10.5146399,0.00192003977,1.43622601,-18.3776646,0.0612096041,1.4786861e-11,-0.649708033,1.62115419,0.989130735,0.00121195137,-0.0352173708,0.142820522,0,0,0,0,0
109,1,0,0.0936646163,-10.6062975,0.00226919493,1.55366945,-18.3315086,0.069831036,1.75440322e-11,-0.663379252,1.62292683,0.988483429,0.00130591146,-0.0368623585,0.146830335,0,0,0,0,0
110,1,0,0.102021679,-10.6977186,0.00266370084,1.67141318,-18.2842312,0.0789011866,2.2024358e-11,-0.677112341,1.62429762,0.98781532,0.00140476099,-0.0385405831,0.15084067,0,0,0,0,0
111,1,0,0.110968791,-10.7888975,0.00310585392,1.78942239,-18.2358322,0.0884306356,2.53728028e-11,-0.690904438,1.62529576,0.987126291,0.00150868786,-0.0402521156,0.154850453,0,0,0,0,0
112,1,0,0.120507099,-10.8798294,0.00359800295,1.90766191,-18.1863098,0.0984298214,2.29727348e-11,-0.704752803,1.62594819,0.98641634,0.00161788089,-0.0419970527,0.158858836,0,0,0,0,0
113,1,0,0.130637586,-10.9705076,0.00414254796,2.02609611,-18.1356659,0.108909033,2.38224926e-11,-0.718654513,1.62627983,0.985685289,0.00173252821,-0.0437754393,0.162864819,0,0,0,0,0
114,1,0,0.141361028,-11.0609274,0.00474193972,2.14468884,-18.0839005,0.119878404,2.43950051e-11,-0.732606649,1.62631392,0.984933257,0.00185281842,-0.0455873385,0.166867599,0,0,0,0,0
115,1,0,0.152678043,-11.151082,0.00539867906,2.26340413,-18.0310173,0.13134788,2.0421085e-11,-0.74660629,1.62607181,0.984160006,0.0019789394,-0.0474327989,0.170866385,0,0,0,0,0
116,1,0,0.164589062,-11.2409668,0.00611531548,2.38220525,-17.9770184,0.143327236,2.14523555e-11,-0.760650396,1.6255734,0.983365595,0.00211107824,-0.0493118539,0.174860418,0,0,0,0,0
117,1,0,0.17709434,-11.3305759,0.00689444551,2.50105596,-17.9219074,0.155826047,2.20323829e-11,-0.774736047,1.62483692,0.982549906,0.00224942295,-0.0512245446,0.178849071,0,0,0,0,0
118,1,0,0.190193936,-11.4199047,0.00773871411,2.61991954,-17.8656902,0.168853685,2.38033673e-11,-0.788860142,1.62387943,0.981712878,0.00239415932,-0.053170871,0.182831615,0,0,0,0,0
119,1,0,0.203887731,-11.5089464,0.00865081046,2.73875952,-17.8083744,0.1824193,1.97943571e-11,-0.803019702,1.62271667,0.980854392,0.00254547317,-0.0551508516,0.186807483,0,0,0,0,0
120,1,0,0.218175426,-11.5976963,0.0096334694,2.85753918,-17.7499638,0.196531817,1.95162775e-11,-0.817211688,1.62136328,0.979974449,0.00270354981,-0.0571645014,0.190776125,0,0,0,0,0
121,1,0,0.233056545,-11.6861486,0.0106894691,2.97622252,-17.6904678,0.211199954,1.7697243e-11,-0.831433058,1.61983287,0.979072988,0.00286857225,-0.0592118017,0.194736987,0,0,0,0,0
122,1,0,0.248530418,-11.7742977,0.0118216295,3.09477305,-17.6298943,0.226432145,2.07976587e-11,-0.845680773,1.61813796,0.978149891,0.00304072257,-0.0612927377,0.19868958,0,0,0,0,0
123,1,0,0.264596194,-11.8621387,0.0130328126,3.21315455,-17.5682526,0.242236599,2.24962965e-11,-0.859951854,1.61629021,0.977205098,0.00322018075,-0.0634072721,0.202633396,0,0,0,0,0
124,1,0,0.281252861,-11.949667,0.0143259186,3.33133149,-17.5055542,0.258621246,2.30338335e-11,-0.874243259,1.61430037,0.976238489,0.00340712653,-0.0655553713,0.206567943,0,0,0,0,0
125,1,0,0.298499197,-12.0368757,0.0157038867,3.4492681,-17.4418087,0.275593728,1.96978753e-11,-0.88855195,1.61217856,0.975250065,0.00360173755,-0.0677369907,0.210492849,0,0,0,0,0
126,1,0,0.31633383,-12.1237612,0.0171696935,3.5669291,-17.3770275,0.293161452,1.37132441e-11,-0.902875006,1.60993421,0.974239647,0.00380418845,-0.0699520633,0.214407638,0,0,0,0,0
127,1,0,0.334755242,-12.2103176,0.0187263507,3.68427944,-17.311224,0.311331511,6.72496694e-12,-0.917209446,1.60757601,0.973207176,0.00401465502,-0.0722005442,0.218312025,0,0,0,0,0
128,1,0,0.353761673,-12.2965393,0.0203769039,3.80128479,-17.2444096,0.330110699,7.86268967e-12,-0.931552351,1.60511196,0.97215265,0.00423330814,-0.0744823441,0.222205609,0,0,0,0,0
129,1,0,0.373351216,-12.3824224,0.022124432,3.91791058,-17.1765995,0.349505484,1.52546101e-11,-0.945900738,1.60254979,0.971075714,0.00446031662,-0.076797381,0.226087943,0,0,0,0,0
130,1,0,0.393521845,-12.4679613,0.0239720419,4.03412294,-17.1078072,0.369522095,1.62741123e-11,-0.960251749,1.59989643,0.969976604,0.00469585089,-0.0791455656,0.229958847,0,0,0,0,0
131,1,0,0.414271295,-12.5531511,0.025922874,4.14988852,-17.0380459,0.390166402,1.73323855e-11,-0.97460252,1.59715843,0.968855023,0.00494007394,-0.0815267861,0.23381789,0,0,0,0,0
132,1,0,0.435597181,-12.6379881,0.0279800929,4.26517439,-16.9673328,0.411443919,1.47063108e-11,-0.988950193,1.59434187,0.967710912,0.00519314781,-0.0839409307,0.237664774,0,0,0,0,0
133,1,0,0.457496911,-12.7224665,0.0301468931,4.37994766,-16.8956852,0.433359861,1.44377418e-11,-1.00329196,1.5914526,0.966544151,0.00545523595,-0.0863878876,0.241499275,0,0,0,0,0
134,1,0,0.479967803,-12.8065825,0.0324264877,4.49417639,-16.8231182,0.455919147,1.44736341e-11,-1.01762509,1.58849585,0.965354681,0.00572649483,-0.0888675153,0.245321035,0,0,0,0,0
135,1,0,0.503006935,-12.8903303,0.0348221175,4.60782862,-16.749649,0.479126275,1.48204019e-11,-1.03194678,1.58547664,0.964142263,0.0060070795,-0.0913796872,0.249129862,0,0,0,0,0
136,1,0,0.526611328,-12.9737072,0.0373370461,4.72087383,-16.6752949,0.502985477,1.35423339e-11,-1.0462544,1.58239985,0.962906957,0.00629714411,-0.0939242542,0.252925485,0,0,0,0,0
137,1,0,0.550777733,-13.0567074,0.0399745479,4.83328104,-16.6000748,0.52750057,1.07442744e-11,-1.06054521,1.57926965,0.961648524,0.00659683859,-0.0965010598,0.256707668,0,0,0,0,0
138,1,0,0.575502813,-13.139327,0.0427379236,4.9450202,-16.5240078,0.552675009,1.14752357e-11,-1.07481658,1.57609022,0.960366845,0.0069063087,-0.0991099179,0.260476083,0,0,0,0,0
139,1,0,0.60078311,-13.2215624,0.0456304848,5.05606127,-16.447113,0.578511953,1.82442707e-11,-1.08906591,1.57286549,0.959061861,0.00722570019,-0.101750687,0.264230639,0,0,0,0,0
140,0,0,0.62652123,-13.3034658,0.0486333407,5.14762688,-16.3806934,0.600570977,2.06778934e-11,-1.10061109,1.43562281,0.957822621,0.00758746313,-0.104414314,0.267649829,0,0,0,0,0
141,0,0,0.652715445,-13.3850336,0.0517495722,5.2388382,-16.3135357,0.62324661,2.39949848e-11,-1.11216819,1.31009543,0.956645846,0.00798957795,-0.107101217,0.27076304,0,0,0,0,0
142,0,0,0.679362714,-13.4662628,0.0549819842,5.32945824,-16.2458687,0.646482527,2.80269644e-11,-1.12369907,1.19530475,0.955527127,0.00843009353,-0.109811537,0.273596823,0,0,0,0,0
143,0,0,0.706459105,-13.5471525,0.0583331063,5.41927862,-16.1778984,0.670224547,2.68733508e-11,-1.13516986,1.09035301,0.954461575,0.00890713278,-0.112545267,0.276175201,0,0,0,0,0
144,0,0,0.73399967,-13.6277018,0.061805211,5.50811815,-16.1098175,0.694420695,2.63388721e-11,-1.14655018,0.994416654,0.953445077,0.00941889174,-0.115302384,0.278520405,0,0,0,0,0
145,0,0,0.761978745,-13.7079105,0.0654003173,5.59581947,-16.0417976,0.719020903,3.01907943e-11,-1.15781319,0.906739771,0.952473044,0.00996363349,-0.118082657,0.280652404,0,0,0,0,0
146,0,0,0.790389955,-13.7877808,0.0691202059,5.68224573,-15.9739962,0.743977129,3.18127295e-11,-1.16893506,0.826628685,0.951541603,0.0105396975,-0.120885886,0.282589763,0,0,0,0,0
147,0,0,0.819226325,-13.8673134,0.0729664192,5.76727915,-15.9065542,0.769243121,3.59300367e-11,-1.1798948,0.753446758,0.950646579,0.0111454893,-0.12371175,0.284349173,0,0,0,0,0
148,0,0,0.848480403,-13.9465113,0.0769402906,5.85081816,-15.8395987,0.794774473,3.3544563e-11,-1.19067395,0.686609566,0.949784458,0.0117794815,-0.126559883,0.285946071,0,0,0,0,0
149,0,0,0.878144264,-14.0253773,0.0810429305,5.93277693,-15.773243,0.820528448,3.35821093e-11,-1.20125651,0.625580847,0.948951602,0.0124402121,-0.129429892,0.287394464,0,0,0,0,0
150,0,0,0.908209682,-14.1039152,0.0852752477,6.0130825,-15.7075882,0.846463978,3.57142926e-11,-1.21162844,0.569868386,0.948144615,0.0131262811,-0.132321313,0.288707107,0,0,0,0,0
151,0,0,0.938668072,-14.1821289,0.0896379575,6.09167433,-15.6427221,0.872541726,3.65294878e-11,-1.2217778,0.519020617,0.947360516,0.0138363475,-0.135233626,0.289895624,0,0,0,0,0
152,0,0,0.969510555,-14.2600222,0.094131574,6.16850185,-15.5787239,0.898723841,3.7446015e-11,-1.23169422,0.472623229,0.946596324,0.0145691391,-0.138166368,0.290970832,0,0,0,0,0
153,0,0,1.00072813,-14.3376007,0.0987564474,6.24352551,-15.5156612,0.924974144,3.50660508e-11,-1.24136925,0.430296123,0.945849419,0.0153234331,-0.141118988,0.291942388,0,0,0,0,0
154,0,0,1.03231168,-14.4148684,0.103512734,6.31671333,-15.4535923,0.951257944,3.64233227e-11,-1.25079548,0.39169085,0.945117116,0.0160980616,-0.144090891,0.292819083,0,0,0,0,0
155,0,0,1.0642519,-14.4918308,0.108400442,6.3880415,-15.3925667,0.977542102,3.75089855e-11,-1.25996721,0.356487781,0.944397211,0.0168919116,-0.147081494,0.293609083,0,0,0,0,0
156,0,0,1.09653938,-14.5684938,0.113419414,6.45749331,-15.3326273,1.00379491,3.73881794e-11,-1.26887977,0.324394017,0.943687439,0.0177039243,-0.150090188,0.294319808,0,0,0,0,0
157,0,0,1.1291647,-14.6448631,0.118569344,6.52505875,-15.2738094,1.02998602,3.70190267e-11,-1.2775296,0.29514116,0.942985892,0.018533092,-0.153116435,0.294958055,0,0,0,0,0
158,0,0,1.16211832,-14.7209435,0.123849779,6.59073305,-15.2161417,1.05608678,3.67948241e-11,-1.28591418,0.268483222,0.942290604,0.0193784423,-0.156159535,0.295529872,0,0,0,0,0
159,0,0,1.19539094,-14.7967415,0.129260123,6.6545167,-15.159647,1.08206975,3.64784487e-11,-1.29403174,0.244194999,0.941599905,0.0202390645,-0.159218907,0.296040893,0,0,0,0,0
160,0,0,1.22897303,-14.872263,0.134799674,6.71641493,-15.1043415,1.10790896,3.63549399e-11,-1.30188155,0.222070247,0.940912247,0.0211140849,-0.162293911,0.296496183,0,0,0,0,0
161,0,0,1.26285517,-14.9475145,0.140467569,6.77643681,-15.0502386,1.13357961,3.53213431e-11,-1.30946338,0.201920167,0.940226138,0.0220026616,-0.165383875,0.296900362,0,0,0,0,0
162,0,0,1.29702818,-15.022501,0.146262854,6.8345952,-14.9973459,1.15905833,3.42626275e-11,-1.31677783,0.183571979,0.939540327,0.0229040142,-0.16848819,0.297257751,0,0,0,0,0
163,0,0,1.33148277,-15.097229,0.152184471,6.89090633,-14.9456682,1.18432295,3.4257451e-11,-1.32382596,0.166867673,0.938853502,0.0238173921,-0.171606272,0.297572255,0,0,0,0,0
164,0,0,1.36620975,-15.1717052,0.158231229,6.94538927,-14.8952055,1.20935273,3.5269964e-11,-1.33060932,0.151662692,0.938164651,0.0247420743,-0.174737468,0.29784736,0,0,0,0,0
165,0,0,1.40120006,-15.2459354,0.164401874,6.99806595,-14.8459549,1.234128,3.5187301e-11,-1.33713019,0.137824878,0.937472582,0.0256773774,-0.177881122,0.298086226,0,0,0,0,0
166,0,0,1.43644488,-15.3199253,0.170695022,7.04895973,-14.7979107,1.25863039,3.5574925e-11,-1.34339094,0.125233471,0.936776578,0.0266226511,-0.181036621,0.298291832,0,0,0,0,0
167,0,0,1.47193539,-15.3936806,0.177109241,7.09809637,-14.7510653,1.28284252,3.534701e-11,-1.34939444,0.113778122,0.936075628,0.0275772829,-0.184203357,0.298466772,0,0,0,0,0
168,0,0,1.50766289,-15.4672079,0.183642983,7.14550352,-14.7054081,1.30674815,3.53781449e-11,-1.3551439,0.103357993,0.935369134,0.0285406914,-0.187380746,0.298613578,0,0,0,0,0
169,0,0,1.54361892,-15.5405121,0.190294638,7.19121027,-14.6609268,1.33033228,3.54623206e-11,-1.36064279,0.0938809961,0.934656262,0.0295123123,-0.190568119,0.298734367,0,0,0,0,0
170,0,0,1.57979512,-15.6135998,0.197062537,7.23524714,-14.6176071,1.35358083,3.5249588e-11,-1.36589479,0.0852631032,0.933936357,0.0304916091,-0.193764865,0.298831016,0,0,0,0,0
171,0,0,1.6161834,-15.6864767,0.203944936,7.27764511,-14.5754337,1.3764807,3.48505322e-11,-1.37090385,0.0774275661,0.933209002,0.0314780883,-0.196970448,0.298905492,0,0,0,0,0
172,0,0,1.65277553,-15.7591486,0.210940033,7.31843615,-14.5343895,1.39901984,3.48490854e-11,-1.37567401,0.0703044087,0.93247354,0.0324712768,-0.200184301,0.298959523,0,0,0,0,0
173,0,0,1.68956375,-15.8316212,0.218045965,7.35765362,-14.4944563,1.42118716,3.49762892e-11,-1.38020957,0.0638297424,0.931729555,0.0334707089,-0.203405842,0.298994541,0,0,0,0,0
174,0,0,1.72654045,-15.9038992,0.225260824,7.39533043,-14.455616,1.44297242,3.50712619e-11,-1.38451481,0.057945326,0.930976629,0.0344759412,-0.206634432,0.299011886,0,0,0,0,0
175,0,0,1.76369798,-15.9759884,0.232582659,7.43150091,-14.4178486,1.46436632,3.4657225e-11,-1.38859415,0.0525980741,0.930214405,0.0354865789,-0.209869608,0.29901287,0,0,0,0,0
176,0,0,1.80102897,-16.0478935,0.240009457,7.4661994,-14.3811331,1.48536026,3.44650489e-11,-1.39245224,0.047739543,0.929442525,0.0365022235,-0.21311079,0.298998564,0,0,0,0,0
177,0,0,1.83852625,-16.1196213,0.247539192,7.49946022,-14.3454485,1.50594664,3.44241684e-11,-1.39609361,0.0433256216,0.928660691,0.0375224873,-0.21635741,0.298970044,0,0,0,0,0
178,0,0,1.87618279,-16.1911755,0.255169779,7.53131819,-14.3107729,1.52611852,3.43758598e-11,-1.3995229,0.0393161029,0.927868664,0.0385470241,-0.219608977,0.298928231,0,0,0,0,0
179,0,0,1.91399181,-16.2625618,0.262899131,7.56180763,-14.2770853,1.54586971,3.41090697e-11,-1.40274489,0.0356743559,0.927066147,0.0395755023,-0.222864971,0.298874021,0,0,0,0,0
180,0,0,1.95194662,-16.3337841,0.270725101,7.59096336,-14.2443638,1.56519473,3.38183578e-11,-1.4057641,0.0323670246,0.926253021,0.0406075902,-0.226124913,0.298808157,0,0,0,0,0
181,0,0,1.99004066,-16.4048462,0.278645545,7.61881971,-14.2125854,1.5840888,3.36247766e-11,-1.40858531,0.0293637328,0.925429046,0.0416429713,-0.229388267,0.298731327,0,0,0,0,0
182,0,0,2.02826762,-16.4757557,0.286658287,7.64541054,-14.1817284,1.60254776,3.34908212e-11,-1.41121316,0.026636824,0.924594104,0.0426813737,-0.232654572,0.298644215,0,0,0,0,0
183,0,0,2.06662154,-16.5465145,0.294761121,7.67077017,-14.1517696,1.62056816,3.34249226e-11,-1.4136523,0.024161119,0.923748076,0.0437224992,-0.235923335,0.298547387,0,0,0,0,0
184,0,0,2.1050961,-16.6171284,0.302951843,7.69493198,-14.1226873,1.638147,3.33805553e-11,-1.41590738,0.0219136979,0.922890842,0.0447660908,-0.23919414,0.29844141,0,0,0,0,0
185,0,0,2.14368582,-16.6876011,0.311228245,7.71792889,-14.0944595,1.6552819,3.33989884e-11,-1.41798294,0.0198737253,0.922022223,0.0458118841,-0.242466465,0.298326731,0,0,0,0,0
186,0,0,2.18238473,-16.7579365,0.319588095,7.73979425,-14.0670633,1.67197108,3.33175466e-11,-1.41988361,0.0180222243,0.92114234,0.0468596444,-0.245739922,0.298203826,0,0,0,0,0
187,0,0,2.22118759,-16.8281384,0.328029156,7.76056051,-14.0404778,1.68821311,3.31420308e-11,-1.42161381,0.0163419452,0.920250952,0.0479091294,-0.24901402,0.298073053,0,0,0,0,0
188,0,0,2.26008892,-16.8982124,0.336549193,7.78025961,-14.0146799,1.70400727,3.30847572e-11,-1.42317796,0.0148171894,0.919348121,0.0489601269,-0.252288401,0.29793483,0,0,0,0,0
189,0,0,2.29908347,-16.9681606,0.345145971,7.79892254,-13.9896488,1.7193532,3.30649189e-11,-1.42458057,0.0134336893,0.918433845,0.0500124209,-0.255562663,0.297789454,0,0,0,0,0
190,0,0,2.33816648,-17.0379868,0.353817225,7.81658077,-13.9653635,1.7342509,3.29712264e-11,-1.42582583,0.0121784722,0.917507887,0.0510658138,-0.258836389,0.297637284,0,0,0,0,0
191,0,0,2.37733269,-17.1076965,0.362560719,7.83326483,-13.941802,1.74870086,3.28782557e-11,-1.42691803,0.0110397357,0.916570485,0.0521201044,-0.26210919,0.297478616,0,0,0,0,0
192,0,0,2.41657782,-17.1772919,0.371374249,7.84900427,-13.9189444,1.76270401,3.27993743e-11,-1.42786145,0.0100067509,0.915621579,0.0531751141,-0.265380681,0.297313631,0,0,0,0,0
193,0,0,2.45589685,-17.2467766,0.38025555,7.86382818,-13.8967705,1.77626157,3.27263147e-11,-1.42866004,0.00906978734,0.914661169,0.0542306602,-0.268650472,0.297142595,0,0,0,0,0
194,0,0,2.49528575,-17.3161526,0.389202416,7.87776566,-13.8752594,1.78937507,3.26269949e-11,-1.42931795,0.00821997505,0.913689256,0.0552865528,-0.271918148,0.296965659,0,0,0,0,0
195,0,0,2.53473997,-17.3854237,0.398212641,7.89084482,-13.8543921,1.80204642,3.26275049e-11,-1.42983913,0.00744927395,0.912705898,0.0563426726,-0.275183529,0.296783179,0,0,0,0,0
196,0,0,2.57425547,-17.4545937,0.407284021,7.90309334,-13.8341494,1.81427801,3.25967517e-11,-1.43022752,0.00675037783,0.911711097,0.0573988445,-0.278446198,0.296595246,0,0,0,0,0
197,0,0,2.61382818,-17.5236664,0.41641438,7.91453791,-13.8145123,1.82607222,3.25569745e-11,-1.43048692,0.00611663889,0.91070497,0.0584549122,-0.281705797,0.296402067,0,0,0,0,0
198,0,0,2.6534543,-17.5926437,0.425601542,7.92520523,-13.7954617,1.83743191,3.24755257e-11,-1.43062103,0.00554203475,0.909687519,0.059510719,-0.284961939,0.296203703,0,0,0,0,0
199,0,0,2.69313002,-17.6615295,0.434843332,7.93512058,-13.7769794,1.84836006,3.24369559e-11,-1.43063343,0.00502107572,0.908658803,0.0605661459,-0.288214386,0.296000361,0,0,0,0,0
200,0,0,2.73285151,-17.7303257,0.444137633,7.94430971,-13.7590485,1.85886002,3.23881581e-11,-1.43052781,0.00454879459,0.90761888,0.0616210662,-0.291462868,0.295792192,0,0,0,0,0
201,0,0,2.77261543,-17.7990341,0.4534823,7.95279694,-13.7416506,1.86893535,3.23250281e-11,-1.43030763,0.00412067259,0.906567812,0.0626753569,-0.29470709,0.295579374,0,0,0,0,0
202,0,0,2.81241846,-17.8676586,0.462875247,7.9606061,-13.7247696,1.87858975,3.2285577e-11,-1.42997634,0.00373260211,0.905505657,0.0637288839,-0.297946692,0.295361906,0,0,0,0,0
203,0,0,2.85225725,-17.9362011,0.472314388,7.96776104,-13.7083883,1.88782728,3.22251774e-11,-1.42953742,0.00338086695,0.904432595,0.0647815391,-0.301181495,0.295139939,0,0,0,0,0
204,0,0,2.89212871,-18.0046635,0.481797636,7.97428417,-13.6924896,1.89665186,3.21503518e-11,-1.42899394,0.00306208758,0.903348505,0.065833196,-0.304411083,0.29491353,0,0,0,0,0
205,0,0,2.93202972,-18.0730495,0.491322964,7.98019791,-13.6770592,1.90506792,3.20889738e-11,-1.42834914,0.00277318805,0.902253747,0.0668837577,-0.307635367,0.29468286,0,0,0,0,0
206,0,0,2.97195745,-18.1413593,0.500888348,7.9855237,-13.6620808,1.91307986,3.20470941e-11,-1.42760623,0.00251139095,0.90114814,0.0679331198,-0.310854018,0.294447988,0,0,0,0,0
207,0,0,3.01190877,-18.2095966,0.510491788,7.99028301,-13.6475391,1.92069232,3.19778405e-11,-1.42676818,0.00227417098,0.900031984,0.0689811781,-0.314066738,0.294208944,0,0,0,0,0
208,0,0,3.05188131,-18.2777634,0.52013135,7.99449635,-13.633419,1.92791009,3.19111265e-11,-1.42583799,0.00205923617,0.898905158,0.0700278729,-0.317273349,0.293965876,0,0,0,0,0
209,0,0,3.09187222,-18.3458614,0.529805064,7.99818373,-13.6197071,1.93473792,3.18586234e-11,-1.42481852,0.00186450023,0.897767901,0.0710730776,-0.320473611,0.293718785,0,0,0,0,0
210,0,0,3.13187909,-18.4138927,0.539510965,8.00136471,-13.606389,1.94118071,3.17978144e-11,-1.42371261,0.00168807735,0.896620333,0.0721166953,-0.323667288,0.29346773,0,0,0,0,0
211,0,0,3.17189932,-18.4818592,0.549247205,8.00405788,-13.5934505,1.94724357,3.17449123e-11,-1.42252302,0.00152825704,0.895462513,0.073158659,-0.32685414,0.293212801,0,0,0,0,0
212,0,0,3.21193075,-18.5497627,0.559011877,8.00628185,-13.5808792,1.95293164,3.16958196e-11,-1.42125249,0.00138348504,0.8942945,0.0741988868,-0.330034018,0.292954117,0,0,0,0,0
213,0,0,3.25197101,-18.6176052,0.568803132,8.00805378,-13.5686617,1.95825028,3.16343063e-11,-1.41990364,0.00125235401,0.893116415,0.075237304,-0.333206683,0.292691678,0,0,0,0,0
214,0,0,3.29201794,-18.6853886,0.578619182,8.00939178,-13.5567856,1.96320462,3.15763873e-11,-1.41847897,0.0011335829,0.891928315,0.0762738287,-0.336371928,0.292425543,0,0,0,0,0
215,0,0,3.3320694,-18.7531147,0.58845818,8.01031303,-13.5452385,1.96780014,3.1525494e-11,-1.41698098,0.00102601654,0.890730381,0.0773083791,-0.339529604,0.292155772,0,0,0,0,0
216,0,0,3.37212348,-18.8207855,0.598318398,8.01083374,-13.534008,1.97204232,3.14645324e-11,-1.41541207,0.000928604684,0.889522672,0.0783409178,-0.34267956,0.291882485,0,0,0,0,0
217,0,0,3.41217828,-18.888401,0.608198106,8.01096916,-13.5230827,1.97593665,3.14077653e-11,-1.41377461,0.000840392953,0.888305306,0.079371348,-0.345821589,0.291605651,0,0,0,0,0
218,0,0,3.45223188,-18.9559631,0.618095577,8.01073551,-13.5124521,1.97948861,3.13487084e-11,-1.41207099,0.000760513416,0.887078345,0.0803996176,-0.348955482,0.291325361,0,0,0,0,0
219,0,0,3.49228263,-19.0234737,0.628009081,8.01014805,-13.5021048,1.9827038,3.12953725e-11,-1.41030335,0.000688188826,0.885841966,0.0814256668,-0.35208109,0.291041642,0,0,0,0,0
220,0,0,3.53232884,-19.0909348,0.637937009,8.00922012,-13.4920301,1.98558772,3.12419916e-11,-1.40847385,0.000622705265,0.884596229,0.0824494213,-0.355198234,0.290754497,0,0,0,0,0
221,0,0,3.57236862,-19.1583462,0.647877753,8.007967,-13.4822178,1.98814607,3.11878683e-11,-1.40658462,0.000563420937,0.883341312,0.0834708214,-0.358306736,0.290463984,0,0,0,0,0
222,0,0,3.61240053,-19.2257099,0.657829702,8.00640202,-13.4726582,1.99038446,3.11338594e-11,-1.40463781,0.000509751379,0.882077277,0.0844898522,-0.361406595,0.290170282,0,0,0,0,0
223,0,0,3.65242314,-19.293026,0.667791247,8.00453854,-13.4633408,1.99230862,3.10735361e-11,-1.40263534,0.000461166899,0.880804241,0.0855064094,-0.364497513,0.289873213,0,0,0,0,0
224,0,0,3.69243503,-19.3602982,0.677760839,8.00238895,-13.4542561,1.99392402,3.10202836e-11,-1.40057909,0.000417189149,0.879522264,0.0865204632,-0.367579371,0.289572954,0,0,0,0,0
225,0,0,3.73243475,-19.4275246,0.687737048,7.99996614,-13.4453955,1.99523652,3.09650014e-11,-1.39847112,0.000377384102,0.878231466,0.0875319839,-0.370652199,0.289269567,0,0,0,0,0
226,0,0,3.77242112,-19.494709,0.697718322,7.99728251,-13.4367504,1.9962517,3.09083974e-11,-1.39631319,0.00034135743,0.876931965,0.0885409191,-0.373715699,0.28896299,0,0,0,0,0
227,0,0,3.81239295,-19.5618515,0.707703173,7.994349,-13.4283113,1.99697506,3.08531291e-11,-1.3941071,0.000308752758,0.875623882,0.0895472094,-0.376769871,0.288653344,0,0,0,0,0
228,0,0,3.8523488,-19.628952,0.717690229,7.99117756,-13.4200706,1.99741244,3.07970281e-11,-1.39185464,0.000279246306,0.874307275,0.0905508175,-0.379814506,0.288340628,0,0,0,0,0
229,0,0,3.89228773,-19.6960125,0.727678061,7.98777914,-13.4120197,1.99756932,3.07424017e-11,-1.38955748,0.000252545287,0.872982442,0.0915516987,-0.382849574,0.288024932,0,0,0,0,0
230,0,0,3.93220854,-19.7630329,0.737665296,7.98416376,-13.40415,1.99745131,3.06855825e-11,-1.38721728,0.000228384553,0.871649206,0.0925498083,-0.385874867,0.287706167,0,0,0,0,0
231,0,0,3.97211027,-19.8300152,0.747650623,7.98034239,-13.3964548,1.99706399,3.06301096e-11,-1.3848356,0.000206523517,0.870307803,0.0935451239,-0.388890356,0.28738451,0,0,0,0,0
232,0,0,4.01199198,-19.8969593,0.757632673,7.97632456,-13.3889265,1.99641287,3.05747684e-11,-1.3824141,0.000186744306,0.868958473,0.0945375785,-0.39189586,0.287059903,0,0,0,0,0
233,0,0,4.0518527,-19.9638672,0.767610192,7.97212029,-13.3815584,1.99550343,3.05191601e-11,-1.37995422,0.00016884986,0.867601156,0.0955271721,-0.394891381,0.286732435,0,0,0,0,0
234,0,0,4.09169149,-20.0307388,0.777581871,7.96773863,-13.3743429,1.99434125,3.04644678e-11,-1.37745738,0.000152661567,0.866236031,0.0965138525,-0.39787674,0.286402076,0,0,0,0,0
235,0,0,4.1315074,-20.0975761,0.787546515,7.96318817,-13.3672733,1.9929316,3.04095117e-11,-1.37492514,0.000138017436,0.864863217,0.0974975973,-0.400851965,0.286068946,0,0,0,0,0
236,0,0,4.17129993,-20.1643772,0.797502935,7.95847845,-13.3603439,1.99127996,3.03547742e-11,-1.3723588,0.000124770944,0.863482654,0.0984783694,-0.403816879,0.285733044,0,0,0,0,0
237,0,0,4.21106815,-20.2311459,0.807449877,7.9536171,-13.353548,1.98939168,3.02995545e-11,-1.36975968,0.000112789843,0.8620947,0.0994561389,-0.406771451,0.2853944,0,0,0,0,0
238,0,0,4.2508111,-20.2978802,0.81738621,7.94861269,-13.346879,1.98727214,3.02447269e-11,-1.36712921,0.000101953257,0.860699296,0.100430883,-0.409715593,0.285053074,0,0,0,0,0
239,0,0,4.2905283,-20.3645821,0.82731086,7.94347286,-13.3403311,1.98492646,3.01907666e-11,-1.36446857,9.21527026e-05,0.85929656,0.101402566,-0.412649274,0.284709036,0,0,0,0,0
